valeur_fonciere,surface_reelle_bati,type_local,nom_commune,code_departement,latitude,longitude,prix_m2,annee
121870.0,130.0,Maison,Le Pas,53,48.433149,-0.648365,937.4615384615385,2023
80000.0,110.0,Maison,Montbolo,66,42.484011,2.652382,727.2727272727273,2023
122000.0,99.0,Appartement,Reims,51,49.274326,4.017647,1232.3232323232323,2023
47000.0,88.0,Appartement,Saint-Dié-Des-Vosges,88,48.283294,6.954948,534.0909090909091,2023
194450.0,131.0,Maison,Pugnac,33,45.076602,-0.512792,1484.351145038168,2023
370413.0,110.0,Maison,Orléans,45,47.87344,1.926002,3367.390909090909,2023
177300.0,85.0,Maison,Pia,66,42.744948,2.91947,2085.8823529411766,2023
150000.0,82.0,Maison,Mesnil-En-Ouche,27,49.001161,0.628913,1829.2682926829268,2023
570000.0,166.0,Maison,Saint-Maur-Des-Fossés,94,48.791251,2.494781,3433.734939759036,2023
427500.0,118.0,Maison,Crolles,38,45.28889,5.886841,3622.8813559322034,2023
197000.0,68.0,Appartement,Montluel,01,45.852288,5.057948,2897.0588235294117,2023
160000.0,52.0,Appartement,Rives-Du-Loir-En-Anjou,49,47.568235,-0.418385,3076.923076923077,2023
190000.0,190.0,Maison,Fougerolles-Du-Plessis,53,48.471076,-0.968237,1000.0,2023
75000.0,24.0,Appartement,Aixe-Sur-Vienne,87,45.796356,1.132958,3125.0,2023
63300.0,54.0,Appartement,Saint-Étienne,42,45.460394,4.379736,1172.2222222222222,2023
225000.0,79.0,Maison,Saint-Jean-Le-Blanc,45,47.891499,1.935885,2848.1012658227846,2023
391100.0,160.0,Appartement,Nîmes,30,43.837394,4.360683,2444.375,2023
191200.0,95.0,Maison,Châteauvillain,52,48.011511,4.879771,2012.6315789473683,2023
157000.0,47.0,Maison,Saint-Mars-Du-Désert,44,47.366427,-1.405732,3340.425531914894,2023
110000.0,51.0,Maison,Calan,56,47.876955,-3.323859,2156.8627450980393,2023
215000.0,87.0,Appartement,La Trinité,06,43.743122,7.314836,2471.264367816092,2023
230000.0,58.0,Maison,Croix,59,50.672557,3.14471,3965.5172413793102,2023
320000.0,46.0,Maison,Bailleul,59,50.734535,2.734777,6956.521739130435,2023
67000.0,70.0,Appartement,Limoges,87,45.839764,1.24509,957.1428571428571,2023
495050.0,132.0,Maison,Saint-Yrieix-La-Perche,87,45.572244,1.197974,3750.378787878788,2023
144900.0,80.0,Appartement,Bayonville-Sur-Mad,54,49.013771,5.990472,1811.25,2023
598000.0,66.0,Appartement,Vincennes,94,48.848521,2.43825,9060.60606060606,2023
199000.0,82.0,Maison,Feillens,01,46.344232,4.88981,2426.829268292683,2023
500000.0,124.0,Appartement,Charenton-Le-Pont,94,48.828307,2.402566,4032.2580645161293,2023
60000.0,70.0,Maison,Brassempouy,40,43.636661,-0.693974,857.1428571428571,2023
112000.0,75.0,Maison,La Saulsotte,10,48.531977,3.521231,1493.3333333333333,2023
269119.62,44.0,Appartement,Puteaux,92,48.880448,2.232568,6116.355,2023
115000.0,111.0,Maison,Saint-Laurent-De-La-Salle,85,46.60876,-0.941461,1036.036036036036,2023
112000.0,46.0,Appartement,Bois-De-Céné,85,46.936284,-1.884494,2434.782608695652,2023
150000.0,38.0,Appartement,Nontron,24,45.529214,0.662694,3947.3684210526317,2023
180000.0,54.0,Appartement,Baccarat,54,48.444438,6.739767,3333.3333333333335,2023
376000.0,182.0,Maison,Auradé,32,43.567642,1.058034,2065.934065934066,2023
128000.0,60.0,Appartement,Douchy-Montcorbon,45,47.969268,3.070134,2133.3333333333335,2023
40000.0,10.0,Maison,Isenay,58,46.950059,3.715652,4000.0,2023
516800.0,425.0,Maison,Le Faget,31,43.571774,1.841825,1216.0,2023
95000.0,45.0,Maison,Sarbazan,40,44.019599,-0.325215,2111.1111111111113,2023
164000.0,72.0,Appartement,Limoges,87,45.825897,1.256215,2277.777777777778,2023
592100.0,67.0,Maison,Montferrer,66,42.423227,2.58076,8837.313432835821,2023
230000.0,85.0,Maison,Saint-Étienne-D'Orthe,40,43.586093,-1.171376,2705.8823529411766,2023
270000.0,125.0,Maison,La Capelle-Lès-Boulogne,62,50.727931,1.708264,2160.0,2023
147500.0,91.0,Maison,Planrupt,52,48.504974,4.789764,1620.8791208791208,2023
378000.0,160.0,Maison,Miribel,01,45.822953,4.949919,2362.5,2023
470500.0,80.0,Appartement,Saint-Denis,93,48.936438,2.349634,5881.25,2023
40000.0,80.0,Maison,Saint-Sébastien-Sur-Loire,44,47.192764,-1.478739,500.0,2023
173000.0,128.0,Maison,Rinxent,62,50.810409,1.749921,1351.5625,2023
263225.0,84.0,Maison,Pierrelongue,26,44.245903,5.215634,3133.6309523809523,2023
429000.0,32.0,Appartement,Angers,49,47.473404,-0.551882,13406.25,2023
300000.0,40.0,Appartement,La Roche-Posay,86,46.783002,0.81145,7500.0,2023
370000.0,90.0,Maison,Nantes,44,47.202488,-1.596687,4111.111111111111,2023
154000.0,45.0,Maison,Méolans-Revel,04,44.400129,6.531057,3422.222222222222,2023
210000.0,93.0,Maison,Beauvais,60,49.434436,2.110803,2258.064516129032,2023
403714.28,86.0,Appartement,Cergy,95,49.038479,2.06668,4694.352093023256,2023
275000.0,95.0,Maison,Martigues,13,43.398157,5.063926,2894.7368421052633,2023
107430.0,86.0,Maison,Ville-Dommange,51,49.203079,3.934927,1249.1860465116279,2023
280000.0,98.0,Maison,Guidel,56,47.79324,-3.487445,2857.1428571428573,2023
480000.0,173.0,Maison,Le Brouilh-Monbert,32,43.67393,0.367682,2774.566473988439,2023
220960.0,96.0,Maison,Rives-En-Seine,76,49.502612,0.640503,2301.6666666666665,2023
80000.0,80.0,Maison,Neuvic-Entier,87,45.732316,1.66594,1000.0,2023
155000.0,88.0,Maison,Saint-Saire,76,49.684416,1.490585,1761.3636363636363,2023
126400.0,70.0,Maison,Saint-Doulchard,18,47.109657,2.372597,1805.7142857142858,2023
478350.0,40.0,Appartement,Paris 2E Arrondissement,75,48.86669,2.351653,11958.75,2023
200000.0,35.0,Appartement,Villeurbanne,69,45.763743,4.875365,5714.285714285715,2023
98680.0,47.0,Appartement,Dreux,28,48.730311,1.365556,2099.574468085106,2023
103000.0,49.0,Appartement,Douai,59,50.37414,3.073966,2102.0408163265306,2023
200000.0,40.0,Maison,Sannois,95,48.964049,2.266251,5000.0,2023
412500.0,86.0,Maison,Hondschoote,59,50.952985,2.625228,4796.511627906977,2023
570050.0,70.0,Appartement,Courbevoie,92,48.90226,2.272113,8143.571428571428,2023
200000.0,114.0,Maison,Veuzain-Sur-Loire,41,47.515964,1.159441,1754.3859649122808,2023
946000.0,113.0,Appartement,Antony,92,48.759365,2.300886,8371.681415929204,2023
82000.0,44.0,Appartement,L'Isle-D'Espagnac,16,45.658724,0.194805,1863.6363636363637,2023
79000.0,73.0,Maison,La Tour-Saint-Gelin,37,47.056779,0.407598,1082.1917808219177,2023
225000.0,75.0,Appartement,Drancy,93,48.928963,2.435197,3000.0,2023
160120.0,103.0,Maison,Montigny-Les-Monts,10,48.098411,3.950815,1554.5631067961165,2023
250000.0,23.0,Maison,Voillecomte,52,48.505611,4.868617,10869.565217391304,2023
149000.0,80.0,Maison,Abbeville,80,50.121123,1.813965,1862.5,2023
170000.0,100.0,Maison,Camembert,61,48.902265,0.193954,1700.0,2023
189000.0,147.0,Maison,Hermanville,76,49.819043,0.98896,1285.7142857142858,2023
300000.0,118.0,Maison,Yenne,73,45.70397,5.766058,2542.3728813559323,2023
70000.0,18.0,Appartement,Drancy,93,48.918034,2.448352,3888.8888888888887,2023
642750.0,132.0,Maison,Carignan-De-Bordeaux,33,44.806198,-0.482853,4869.318181818182,2023
272500.0,66.0,Appartement,Francheville,69,45.738918,4.773413,4128.787878787879,2023
65000.0,22.0,Appartement,Aytré,17,46.13302,-1.128693,2954.5454545454545,2023
335000.0,80.0,Maison,Ballainvilliers,91,48.66151,2.278961,4187.5,2023
180000.0,92.0,Maison,Rue,80,50.273487,1.664061,1956.5217391304348,2023
159100.0,74.0,Appartement,Franconville,95,48.987268,2.23938,2150.0,2023
107000.0,95.0,Maison,Razac-D'Eymet,24,44.678634,0.444797,1126.3157894736842,2023
40000.0,20.0,Appartement,Stains,93,48.951623,2.387704,2000.0,2023
227200.0,84.0,Maison,Saint-Hilaire-De-Brethmas,30,44.077002,4.13024,2704.7619047619046,2023
140000.0,126.0,Maison,Fresné-La-Mère,14,48.899278,-0.108732,1111.111111111111,2023
245000.0,44.0,Appartement,Montrouge,92,48.814152,2.325109,5568.181818181818,2023
325000.0,90.0,Maison,Le Luc,83,43.371161,6.32117,3611.1111111111113,2023
126000.0,18.0,Appartement,Viry-Châtillon,91,48.676077,2.368602,7000.0,2023
148000.0,100.0,Maison,Villers-Cotterêts,02,49.25103,3.098488,1480.0,2023
245000.0,114.0,Appartement,Perpignan,66,42.696781,2.898043,2149.122807017544,2023
105000.0,17.0,Appartement,Beaulieu-Sur-Mer,06,43.706268,7.331865,6176.470588235294,2023
750000.0,156.0,Appartement,Nantes,44,47.216545,-1.567461,4807.692307692308,2023
168000.0,52.0,Appartement,Dammarie-Les-Lys,77,48.51975,2.649097,3230.769230769231,2023
70000.0,23.0,Appartement,Saint-Louis,974,-21.272043,55.436758,3043.478260869565,2023
185000.0,139.0,Maison,Tinchebray-Bocage,61,48.786878,-0.679325,1330.9352517985612,2023
83000.0,86.0,Maison,Laurède,40,43.757396,-0.79569,965.1162790697674,2023
40000.0,55.0,Maison,Richelieu,37,47.015597,0.325953,727.2727272727273,2023
85000.0,107.0,Maison,Bonnée,45,47.797558,2.357262,794.392523364486,2023
275000.0,100.0,Maison,Moëlan-Sur-Mer,29,47.781105,-3.620828,2750.0,2023
160000.0,40.0,Maison,Saint-Magne-De-Castillon,33,44.868428,-0.07689,4000.0,2023
120000.0,48.0,Maison,Albertville,73,45.677363,6.401413,2500.0,2023
83000.0,112.0,Maison,Nouzerines,23,46.389711,2.108912,741.0714285714286,2023
194000.0,120.0,Maison,Longpré-Les-Corps-Saints,80,50.017916,1.986984,1616.6666666666667,2023
276000.0,130.0,Maison,Rouen,76,49.435692,1.119733,2123.076923076923,2023
50000.0,24.0,Appartement,Montpellier,34,43.608785,3.834146,2083.3333333333335,2023
122070.0,54.0,Maison,Balaguères,09,42.97482,1.007896,2260.5555555555557,2023
135000.0,154.0,Maison,Lescouët-Gouarec,22,48.155953,-3.222877,876.6233766233767,2023
220000.0,58.0,Maison,La Montagne,44,47.184864,-1.685429,3793.103448275862,2023
72280.0,27.0,Appartement,Rennes,35,48.103962,-1.677421,2677.037037037037,2023
68500.0,58.0,Maison,Saint-Pierre,974,-21.356804,55.52667,1181.0344827586207,2023
200000.0,54.0,Appartement,La Ciotat,13,43.174968,5.609904,3703.703703703704,2023
210000.0,91.0,Maison,Montreuil-En-Caux,76,49.676452,1.144191,2307.6923076923076,2023
100000.0,34.0,Appartement,Cahors,46,44.457681,1.452888,2941.176470588235,2023
185400.0,44.0,Appartement,Noisy-Le-Grand,93,48.849811,2.54405,4213.636363636364,2023
275800.0,101.0,Maison,Cavignac,33,45.102488,-0.383127,2730.6930693069307,2023
550000.0,29.0,Appartement,Gagny,93,48.883021,2.538492,18965.51724137931,2023
134000.0,76.0,Maison,Vivier-Au-Court,08,49.740149,4.82101,1763.157894736842,2023
77000.0,45.0,Appartement,Narbonne,11,43.183037,3.007493,1711.111111111111,2023
243660.0,22.0,Appartement,Tarbes,65,43.232903,0.072606,11075.454545454546,2023
155000.0,53.0,Appartement,Lama,2B,42.576183,9.170173,2924.5283018867926,2023
279350.0,110.0,Maison,Roussillon,38,45.363432,4.811183,2539.5454545454545,2023
200000.0,20.0,Appartement,Bayonne,64,43.490139,-1.4789,10000.0,2023
245000.0,27.0,Appartement,Bidart,64,43.429622,-1.597982,9074.074074074075,2023
70000.0,94.0,Maison,Saint-Pierre-En-Auge,14,48.986324,0.033669,744.6808510638298,2023
125000.0,75.0,Maison,Appoigny,89,47.877785,3.525234,1666.6666666666667,2023
257980.0,146.0,Maison,Andrest,65,43.313569,0.061382,1766.986301369863,2023
200000.0,82.0,Maison,Saint-Pierre-Du-Val,27,49.381373,0.381287,2439.0243902439024,2023
909140.0,115.0,Maison,Chaville,92,48.807531,2.181104,7905.565217391304,2023
255630.0,136.0,Maison,Lampaul-Plouarzel,29,48.459917,-4.766227,1879.6323529411766,2023
53000.0,58.0,Appartement,Béziers,34,43.340325,3.216865,913.7931034482758,2023
140000.0,142.0,Maison,Groisy,74,46.003514,6.186219,985.9154929577464,2023
210000.0,200.0,Maison,Pont-Audemer,27,49.354349,0.536311,1050.0,2023
415600.0,137.0,Maison,Beauregard-Baret,26,45.016904,5.147224,3033.5766423357663,2023
138000.0,61.0,Appartement,Romans-Sur-Isère,26,45.044739,5.040188,2262.2950819672133,2023
270000.0,124.0,Appartement,Concarneau,29,47.870501,-3.917535,2177.4193548387098,2023
60000.0,32.0,Appartement,Marseille 1Er Arrondissement,13,43.297279,5.378643,1875.0,2023
202990.0,84.0,Maison,Maidières,54,48.897627,6.041592,2416.5476190476193,2023
230000.0,120.0,Maison,Ouveillan,11,43.289516,2.967996,1916.6666666666667,2023
385000.0,91.0,Appartement,Bordeaux,33,44.821539,-0.550562,4230.7692307692305,2023
231900.0,85.0,Appartement,Draveil,91,48.685578,2.420659,2728.235294117647,2023
550000.0,40.0,Appartement,Paris 10E Arrondissement,75,48.870995,2.37068,13750.0,2023
300000.0,30.0,Appartement,Ferrière-La-Grande,59,50.262195,3.991934,10000.0,2023
166000.0,47.0,Appartement,Bonneval,28,48.180635,1.388208,3531.9148936170213,2023
355000.0,134.0,Maison,Meurchin,62,50.494775,2.90878,2649.2537313432836,2023
103000.0,60.0,Maison,Alizay,27,49.317992,1.172225,1716.6666666666667,2023
455000.0,330.0,Maison,Mézidon Vallée D'Auge,14,49.120818,-0.09928,1378.7878787878788,2023
250000.0,112.0,Maison,Carpentras,84,44.058594,5.065411,2232.1428571428573,2023
266000.0,79.0,Appartement,Crolles,38,45.277233,5.887413,3367.0886075949365,2023
92750.0,60.0,Appartement,Le Val-D'Ajol,88,47.942179,6.515587,1545.8333333333333,2023
420813.0,120.0,Maison,Mordelles,35,48.08353,-1.824065,3506.775,2023
316000.0,33.0,Appartement,Paris 15E Arrondissement,75,48.84978,2.294429,9575.757575757576,2023
485000.0,121.0,Maison,La Queue-En-Brie,94,48.789489,2.586459,4008.2644628099174,2023
564100.0,139.0,Maison,Villefranche-Sur-Saône,69,45.975339,4.74719,4058.273381294964,2023
137000.0,126.0,Maison,Candé-Sur-Beuvron,41,47.511762,1.291021,1087.3015873015872,2023
280000.0,239.0,Maison,Saint-Sauveur,31,43.744756,1.396087,1171.5481171548117,2023
180000.0,80.0,Maison,Flize,08,49.695923,4.784483,2250.0,2023
166000.0,36.0,Appartement,Roquebrune-Sur-Argens,83,43.359813,6.680742,4611.111111111111,2023
125500.0,40.0,Appartement,Lyon 3E Arrondissement,69,45.745884,4.888428,3137.5,2023
500000.0,35.0,Appartement,Paris 16E Arrondissement,75,48.868798,2.288944,14285.714285714286,2023
593000.0,80.0,Maison,Saint-Ouen-Sur-Seine,93,48.903266,2.326643,7412.5,2023
156700.0,87.0,Maison,Saint-Boès,64,43.529471,-0.810739,1801.1494252873563,2023
353000.0,65.0,Maison,Villenave-D'Ornon,33,44.781587,-0.571085,5430.7692307692305,2023
143000.0,166.0,Maison,Bachant,59,50.198756,3.855686,861.4457831325301,2023
97000.0,96.0,Maison,Marly-Gomont,02,49.902284,3.778104,1010.4166666666666,2023
302000.0,52.0,Appartement,Châtillon,92,48.797835,2.292231,5807.692307692308,2023
277520.0,146.0,Maison,Cabannes,13,43.860467,4.949492,1900.8219178082193,2023
380000.0,70.0,Appartement,Yzeure,03,46.564679,3.347613,5428.571428571428,2023
65926.0,21.0,Appartement,La Plagne Tarentaise,73,45.506259,6.675349,3139.3333333333335,2023
126000.0,40.0,Appartement,Rouen,76,49.445138,1.086784,3150.0,2023
45130.0,66.0,Appartement,Ermont,95,48.997503,2.251783,683.7878787878788,2023
148200.0,56.0,Appartement,Chamalières,63,45.777935,3.06262,2646.4285714285716,2023
775000.0,64.0,Maison,Lannepax,32,43.817076,0.26326,12109.375,2023
66550.0,38.0,Maison,Caunes-Minervois,11,43.327389,2.526401,1751.3157894736842,2023
220000.0,135.0,Maison,Sorges Et Ligueux En Périgord,24,45.304606,0.818877,1629.6296296296296,2023
305317.0,71.0,Appartement,Pontoise,95,49.048684,2.08712,4300.239436619719,2023
345000.0,128.0,Maison,Vernon,27,49.078859,1.493929,2695.3125,2023
81820.0,53.0,Appartement,Wattignies,59,50.591828,3.043952,1543.7735849056603,2023
178000.0,70.0,Maison,Manosque,04,43.833955,5.784441,2542.8571428571427,2023
250000.0,80.0,Appartement,Toulouse,31,43.603983,1.412472,3125.0,2023
99000.0,55.0,Appartement,Gap,05,44.569881,6.093082,1800.0,2023
152000.0,64.0,Maison,Montélimar,26,44.565131,4.755293,2375.0,2023
405000.0,118.0,Maison,Couëron,44,47.222931,-1.729147,3432.2033898305085,2023
100000.0,32.0,Appartement,Le Controis-En-Sologne,41,47.418736,1.430573,3125.0,2023
234773.0,58.0,Appartement,Cannes,06,43.562831,7.016392,4047.810344827586,2023
103000.0,78.0,Maison,Bessan,34,43.36047,3.426736,1320.5128205128206,2023
217500.0,148.0,Maison,Yzeure,03,46.569651,3.386728,1469.5945945945946,2023
171360.0,64.0,Maison,Brouchaud,24,45.207542,0.966956,2677.5,2023
367000.0,99.0,Maison,Saint-Prix,71,46.962179,4.082482,3707.070707070707,2023
250000.0,96.0,Maison,Louverné,53,48.110454,-0.71439,2604.1666666666665,2023
73160.0,63.0,Maison,La Redorte,11,43.252786,2.653022,1161.2698412698412,2023
479987.0,170.0,Maison,Lille,59,50.635454,3.098537,2823.4529411764706,2023
129000.0,70.0,Maison,Lanrelas,22,48.25132,-2.294593,1842.857142857143,2023
191400.0,31.0,Appartement,Les Belleville,73,45.320078,6.537685,6174.193548387097,2023
162500.0,62.0,Appartement,Albertville,73,45.666904,6.413103,2620.967741935484,2023
109900.0,77.0,Maison,Fleurance,32,43.837666,0.6638,1427.2727272727273,2023
165000.0,66.0,Appartement,Morsang-Sur-Orge,91,48.667898,2.352061,2500.0,2023
100000.0,59.0,Maison,Haudivillers,60,49.485219,2.242865,1694.915254237288,2023
50000.0,56.0,Maison,Clastres,02,49.745333,3.22916,892.8571428571429,2023
125000.0,73.0,Maison,Mauléon,79,46.951671,-0.793512,1712.3287671232877,2023
143000.0,45.0,Appartement,Évian-Les-Bains,74,46.397353,6.583488,3177.777777777778,2023
450000.0,90.0,Appartement,Saint-Raphaël,83,43.421098,6.770348,5000.0,2023
135970.0,70.0,Maison,Renage,38,45.33272,5.485069,1942.4285714285713,2023
325000.0,169.0,Maison,Saint-Antonin-Noble-Val,82,44.168162,1.799255,1923.076923076923,2023
49900.0,26.0,Appartement,Saint-Valery-En-Caux,76,49.868919,0.715259,1919.2307692307693,2023
149000.0,71.0,Appartement,La Seyne-Sur-Mer,83,43.101663,5.872537,2098.5915492957747,2023
57400.0,56.0,Maison,Flers,61,48.750019,-0.544008,1025.0,2023
84994.0,42.0,Appartement,Borgo,2B,42.566637,9.441153,2023.6666666666667,2023
400000.0,42.0,Appartement,Cherbourg-En-Cotentin,50,49.646393,-1.642964,9523.809523809523,2023
205000.0,30.0,Maison,Marseille 15E Arrondissement,13,43.363991,5.375665,6833.333333333333,2023
237000.0,98.0,Appartement,Schœlcher,972,14.6213,-61.082177,2418.3673469387754,2023
64000.0,19.0,Maison,Tollent,62,50.274019,2.01571,3368.4210526315787,2023
240000.0,150.0,Maison,Sospel,06,43.880157,7.454328,1600.0,2023
347500.0,50.0,Maison,Sainte-Anne,971,16.243261,-61.33034,6950.0,2023
282000.0,180.0,Maison,Maisoncelles-En-Brie,77,48.85966,2.983257,1566.6666666666667,2023
224000.0,109.0,Maison,Châteaubriant,44,47.716255,-1.360969,2055.045871559633,2023
240000.0,70.0,Maison,Louvres,95,49.050007,2.505476,3428.5714285714284,2023
172400.0,91.0,Maison,Douvrin,62,50.506242,2.826406,1894.5054945054944,2023
204000.0,150.0,Maison,Sérignan-Du-Comtat,84,44.190038,4.84124,1360.0,2023
31000.0,60.0,Maison,Frise,80,49.946654,2.813342,516.6666666666666,2023
123800.0,26.0,Appartement,Saint-Raphaël,83,43.415056,6.804287,4761.538461538462,2023
365000.0,75.0,Maison,Biriatou,64,43.322619,-1.736155,4866.666666666667,2023
65000.0,17.0,Appartement,Dijon,21,47.319572,5.033999,3823.529411764706,2023
485000.0,27.0,Appartement,Marseille 1Er Arrondissement,13,43.295841,5.378948,17962.962962962964,2023
167000.0,74.0,Appartement,Chilly-Mazarin,91,48.694181,2.314584,2256.7567567567567,2023
1400000.0,90.0,Maison,Clamart,92,48.811225,2.276882,15555.555555555555,2023
360000.0,27.0,Appartement,Romorantin-Lanthenay,41,47.354888,1.759563,13333.333333333334,2023
90000.0,61.0,Appartement,Chalon-Sur-Saône,71,46.788267,4.852139,1475.4098360655737,2023
180000.0,130.0,Maison,Créances,50,49.199559,-1.557104,1384.6153846153845,2023
121500.0,35.0,Appartement,Noyal-Châtillon-Sur-Seiche,35,48.043459,-1.663984,3471.4285714285716,2023
125000.0,55.0,Appartement,Oloron-Sainte-Marie,64,43.195127,-0.606061,2272.7272727272725,2023
40000.0,38.0,Maison,Spéracèdes,06,43.648992,6.859209,1052.6315789473683,2023
143000.0,45.0,Appartement,Noyal-Châtillon-Sur-Seiche,35,48.034699,-1.662222,3177.777777777778,2023
125000.0,49.0,Appartement,Senlis,60,49.21077,2.599704,2551.0204081632655,2023
1350000.0,71.0,Appartement,Pontoise,95,49.03822,2.093387,19014.084507042255,2023
116100.0,35.0,Appartement,Cagnes-Sur-Mer,06,43.664677,7.13047,3317.1428571428573,2023
37540.0,70.0,Maison,Chaulhac,48,44.922373,3.257571,536.2857142857143,2023
502000.0,46.0,Appartement,Beauchamp,95,49.010277,2.194773,10913.04347826087,2023
176110.0,22.0,Appartement,Saint-Martin,971,18.096793,-63.028757,8005.0,2023
46100.0,42.0,Appartement,Rochefort,17,45.942181,-0.96408,1097.6190476190477,2023
42000.0,60.0,Maison,Ruffec,16,46.02778,0.206337,700.0,2023
140000.0,18.0,Appartement,Angoulême,16,45.634484,0.152169,7777.777777777777,2023
115000.0,24.0,Appartement,Le Pecq,78,48.903909,2.114469,4791.666666666667,2023
105000.0,69.0,Maison,Saint-Jean-Aux-Amognes,58,46.999154,3.314318,1521.7391304347825,2023
150000.0,60.0,Maison,Orléans,45,47.922519,1.89542,2500.0,2023
225000.0,84.0,Appartement,La Salle-Les-Alpes,05,44.943475,6.566728,2678.5714285714284,2023
100000.0,103.0,Maison,Mellé,35,48.487156,-1.187634,970.8737864077669,2023
600000.0,58.0,Appartement,Paris 15E Arrondissement,75,48.842184,2.286026,10344.827586206897,2023
265250.0,103.0,Maison,Pont-Sainte-Marie,10,48.318083,4.100821,2575.242718446602,2023
297100.0,96.0,Maison,Le Cheylas,38,45.369262,5.99252,3094.7916666666665,2023
207250.0,125.0,Maison,Chavannes-Sur-Reyssouze,01,46.431707,5.000621,1658.0,2023
372000.0,84.0,Maison,Morsang-Sur-Orge,91,48.648941,2.362837,4428.571428571428,2023
177000.0,99.0,Maison,Irai,61,48.662074,0.682384,1787.878787878788,2023
185500.0,60.0,Appartement,Goussainville,95,49.032248,2.467685,3091.6666666666665,2023
113650.0,43.0,Appartement,Dijon,21,47.311226,5.039821,2643.0232558139537,2023
98000.0,37.0,Appartement,Marseille 4E Arrondissement,13,43.307307,5.403058,2648.6486486486488,2023
198000.0,27.0,Appartement,Paris 18E Arrondissement,75,48.893444,2.344396,7333.333333333333,2023
145000.0,99.0,Maison,Saint-Brieuc,22,48.518205,-2.778947,1464.6464646464647,2023
197410.0,40.0,Appartement,Aytré,17,46.135157,-1.134186,4935.25,2023
137000.0,35.0,Appartement,Harfleur,76,49.507869,0.2013,3914.285714285714,2023
1000000.0,98.0,Maison,Marseille 8E Arrondissement,13,43.240712,5.381047,10204.081632653062,2023
210000.0,50.0,Maison,Argentières,77,48.653507,2.868046,4200.0,2023
56000.0,18.0,Appartement,Viuz-En-Sallaz,74,46.181127,6.441236,3111.1111111111113,2023
43500.0,21.0,Appartement,Barcelonnette,04,44.38479,6.643712,2071.4285714285716,2023
200000.0,113.0,Maison,Taillecourt,25,47.495401,6.843547,1769.9115044247787,2023
68000.0,61.0,Appartement,Gaël,35,48.134743,-2.222498,1114.7540983606557,2023
60000.0,38.0,Maison,Toulouges,66,42.670901,2.830501,1578.9473684210527,2023
150000.0,100.0,Maison,Le Mesnil-Villement,14,48.850412,-0.367578,1500.0,2023
560000.0,173.0,Maison,L'Haÿ-Les-Roses,94,48.772699,2.326846,3236.9942196531792,2023
292800.0,100.0,Maison,Le Breuil-En-Bessin,14,49.24885,-0.862641,2928.0,2023
186450.0,86.0,Maison,Plabennec,29,48.505263,-4.422034,2168.0232558139537,2023
230000.0,66.0,Appartement,Asnières-Sur-Seine,92,48.926734,2.275746,3484.848484848485,2023
111000.0,85.0,Maison,Capdenac-Gare,12,44.567592,2.074654,1305.8823529411766,2023
100000.0,72.0,Appartement,Lorient,56,47.750268,-3.35976,1388.888888888889,2023
800000.0,73.0,Appartement,Rive-De-Gier,42,45.525305,4.610536,10958.90410958904,2023
52000.0,39.0,Appartement,Limoges,87,45.828248,1.262482,1333.3333333333333,2023
250137.0,85.0,Appartement,Valenciennes,59,50.365238,3.538775,2942.788235294118,2023
158450.0,27.0,Appartement,Vallauris,06,43.572138,7.083003,5868.518518518518,2023
56000.0,19.0,Appartement,Joué-Lès-Tours,37,47.354177,0.698777,2947.3684210526317,2023
190000.0,63.0,Maison,Nîmes,30,43.845505,4.35221,3015.873015873016,2023
119500.0,27.0,Appartement,Angers,49,47.473887,-0.585481,4425.925925925926,2023
1225000.0,100.0,Maison,Sainte-Foy-Lès-Lyon,69,45.744077,4.797842,12250.0,2023
62000.0,31.0,Appartement,Limoges,87,45.838695,1.249347,2000.0,2023
249000.0,82.0,Appartement,Ajaccio,2A,41.935128,8.756543,3036.5853658536585,2023
237000.0,46.0,Appartement,Nice,06,43.702094,7.290384,5152.173913043478,2023
104000.0,16.0,Appartement,Aix-En-Provence,13,43.530459,5.447817,6500.0,2023
166300.0,100.0,Maison,Tarbes,65,43.245553,0.050038,1663.0,2023
230000.0,85.0,Maison,Pontchâteau,44,47.424955,-2.05968,2705.8823529411766,2023
82000.0,15.0,Appartement,Rennes,35,48.115044,-1.676276,5466.666666666667,2023
117000.0,77.0,Appartement,Le Pont-De-Claix,38,45.126583,5.696824,1519.4805194805194,2023
195750.0,66.0,Appartement,La Riche,37,47.389497,0.656018,2965.909090909091,2023
60000.0,21.0,Maison,Abbeville,80,50.116629,1.832189,2857.1428571428573,2023
115000.0,97.0,Maison,Gouffern En Auge,61,48.823869,0.170269,1185.5670103092784,2023
109208.0,55.0,Appartement,Quimper,29,47.992248,-4.07877,1985.6,2023
810000.0,63.0,Appartement,Paris 12E Arrondissement,75,48.850046,2.379538,12857.142857142857,2023
266850.0,115.0,Maison,Le Puy-En-Velay,43,45.043637,3.877773,2320.4347826086955,2023
107500.0,120.0,Maison,Vendeuvre-Sur-Barse,10,48.236342,4.464913,895.8333333333334,2023
80000.0,50.0,Maison,Blaignan-Prignac,33,45.322233,-0.876994,1600.0,2023
255000.0,119.0,Maison,Geneston,44,47.059371,-1.517785,2142.8571428571427,2023
250000.0,54.0,Maison,Eyguières,13,43.692596,5.036817,4629.62962962963,2023
79990.0,61.0,Maison,Rebreuve-Sur-Canche,62,50.266839,2.339582,1311.311475409836,2023
442600.0,101.0,Maison,Mieussy,74,46.127189,6.536828,4382.178217821782,2023
70000.0,46.0,Maison,Châteauroux,36,46.805422,1.69196,1521.7391304347825,2023
247000.0,131.0,Maison,Violaines,62,50.528569,2.790732,1885.496183206107,2023
185300.0,53.0,Appartement,Lyon 3E Arrondissement,69,45.746715,4.886888,3496.2264150943397,2023
702000.0,86.0,Appartement,Paris 18E Arrondissement,75,48.896525,2.332733,8162.790697674419,2023
214554.0,140.0,Maison,Saint-Martin-Des-Champs,29,48.568706,-3.840238,1532.5285714285715,2023
109500.0,105.0,Maison,Baugy,18,47.074922,2.733084,1042.857142857143,2023
345850.0,123.0,Appartement,Roubaix,59,50.682611,3.172021,2811.788617886179,2023
243000.0,160.0,Maison,Martignas-Sur-Jalle,33,44.844378,-0.773926,1518.75,2023
185000.0,32.0,Appartement,Antibes,06,43.570862,7.12708,5781.25,2023
267000.0,98.0,Appartement,Sartrouville,78,48.9464,2.17106,2724.4897959183672,2023
410000.0,67.0,Maison,Genas,69,45.729177,5.009841,6119.4029850746265,2023
494390.0,138.0,Maison,Lucenay,69,45.914955,4.703443,3582.536231884058,2023
128000.0,18.0,Appartement,Besse-Et-Saint-Anastaise,63,45.511358,2.855039,7111.111111111111,2023
670000.0,270.0,Maison,Brandivy,56,47.768921,-2.909514,2481.4814814814813,2023
90250.0,21.0,Appartement,Agde,34,43.310123,3.469286,4297.619047619048,2023
85000.0,23.0,Appartement,Savenay,44,47.361715,-1.942764,3695.6521739130435,2023
630342.0,178.0,Maison,Saint-Nazaire,44,47.268844,-2.277356,3541.247191011236,2023
721700.0,143.0,Appartement,Écully,69,45.773878,4.77471,5046.853146853146,2023
96000.0,65.0,Appartement,Limoges,87,45.840166,1.26937,1476.923076923077,2023
99000.0,64.0,Appartement,Brive-La-Gaillarde,19,45.146894,1.529379,1546.875,2023
158000.0,26.0,Appartement,Reims,51,49.250407,4.01816,6076.923076923077,2023
287700.0,169.0,Maison,Écouché-Les-Vallées,61,48.686308,-0.09871,1702.3668639053255,2023
122500.0,114.0,Maison,Roubaix,59,50.690728,3.186846,1074.561403508772,2023
444655.0,132.0,Maison,Arles,13,43.678347,4.634058,3368.598484848485,2023
165000.0,81.0,Maison,Saint-Benoît-Sur-Loire,45,47.803547,2.310667,2037.037037037037,2023
168000.0,178.0,Maison,Le Tilleul,76,49.683977,0.214605,943.8202247191011,2023
153300.0,32.0,Appartement,Saint-Jean-De-Monts,85,46.792873,-2.089537,4790.625,2023
610000.0,75.0,Appartement,Versailles,78,48.800438,2.1434,8133.333333333333,2023
56000.0,36.0,Appartement,Laguiole,12,44.684227,2.846429,1555.5555555555557,2023
335000.0,198.0,Maison,Brûlain,79,46.213569,-0.298354,1691.919191919192,2023
600000.0,55.0,Appartement,Quingey,25,47.102883,5.884118,10909.09090909091,2023
155000.0,44.0,Appartement,Artigues-Près-Bordeaux,33,44.844611,-0.494891,3522.7272727272725,2023
367000.0,120.0,Maison,Lyas,07,44.740299,4.599484,3058.3333333333335,2023
140000.0,73.0,Appartement,Pont-L'Abbé,29,47.86569,-4.227849,1917.8082191780823,2023
230000.0,24.0,Appartement,Vincennes,94,48.846505,2.422168,9583.333333333334,2023
400000.0,102.0,Maison,Cailloux-Sur-Fontaines,69,45.854916,4.872378,3921.5686274509803,2023
139000.0,51.0,Maison,Salles-La-Source,12,44.47735,2.508301,2725.4901960784314,2023
105000.0,73.0,Maison,Pia,66,42.745299,2.919486,1438.3561643835617,2023
175600.0,85.0,Maison,Lisle-Sur-Tarn,81,43.847758,1.794618,2065.8823529411766,2023
131250.0,94.0,Maison,Bazouges Cré Sur Loir,72,47.67586,-0.156924,1396.276595744681,2023
519000.0,207.0,Maison,Dammartin-En-Goële,77,49.059524,2.68535,2507.246376811594,2023
541830.0,147.0,Maison,Saint-Barthélemy-D'Anjou,49,47.483167,-0.48309,3685.918367346939,2023
450000.0,67.0,Maison,Abbeville,80,50.103574,1.8241,6716.417910447762,2023
192000.0,38.0,Maison,Saint-Avit-Sénieur,24,44.784477,0.791147,5052.631578947368,2023
1051700.0,106.0,Appartement,Lyon 4E Arrondissement,69,45.786111,4.821008,9921.698113207547,2023
315000.0,101.0,Appartement,Saint-Gilles,30,43.673262,4.411213,3118.8118811881186,2023
125000.0,10.0,Maison,Saint-Denis-D'Oléron,17,46.022236,-1.35966,12500.0,2023
190000.0,64.0,Appartement,Langueux,22,48.493157,-2.718241,2968.75,2023
184000.0,68.0,Appartement,Annemasse,74,46.193311,6.245762,2705.8823529411766,2023
319000.0,106.0,Appartement,Abriès-Ristolas,05,44.773968,6.954746,3009.433962264151,2023
180000.0,46.0,Appartement,Le Plessis-Trévise,94,48.812419,2.570314,3913.0434782608695,2023
221938.0,120.0,Maison,Saint-Antoine-De-Ficalba,47,44.334538,0.692662,1849.4833333333333,2023
400000.0,90.0,Maison,Donville-Les-Bains,50,48.847486,-1.583708,4444.444444444444,2023
315000.0,165.0,Maison,Beylongue,40,43.938545,-0.823409,1909.090909090909,2023
130000.0,51.0,Maison,La Boissière,34,43.663635,3.645969,2549.0196078431372,2023
180000.0,45.0,Appartement,Itxassou,64,43.335833,-1.403852,4000.0,2023
232400.0,54.0,Appartement,Carrières-Sous-Poissy,78,48.939994,2.022874,4303.7037037037035,2023
215000.0,144.0,Maison,Helléan,56,47.948807,-2.47463,1493.0555555555557,2023
297000.0,115.0,Maison,Rauret,43,44.816693,3.788137,2582.608695652174,2023
134000.0,37.0,Appartement,Reims,51,49.253394,4.026573,3621.6216216216217,2023
259000.0,160.0,Maison,Tavaux,39,47.036152,5.411243,1618.75,2023
580000.0,98.0,Maison,Eysines,33,44.875425,-0.62918,5918.367346938776,2023
247000.0,218.0,Maison,Plassac-Rouffiac,16,45.522253,0.047111,1133.0275229357799,2023
220260.0,85.0,Maison,Millau,12,44.100153,3.073962,2591.294117647059,2023
294000.0,59.0,Appartement,Métabief,25,46.770923,6.352843,4983.050847457627,2023
115480.0,43.0,Appartement,Alès,30,44.141499,4.101623,2685.5813953488373,2023
105000.0,33.0,Appartement,Draveil,91,48.686437,2.413205,3181.818181818182,2023
50000.0,84.0,Maison,Le Chalard,87,45.558256,1.126462,595.2380952380952,2023
96050.0,38.0,Appartement,Toulouse,31,43.63994,1.463367,2527.6315789473683,2023
215500.0,49.0,Appartement,Toulouse,31,43.603691,1.452691,4397.959183673469,2023
24975.0,14.0,Appartement,Chalon-Sur-Saône,71,46.785426,4.843153,1783.9285714285713,2023
80000.0,131.0,Maison,Mantoche,70,47.420226,5.530235,610.6870229007634,2023
85240.0,109.0,Maison,Nohant-En-Goût,18,47.10823,2.569638,782.0183486238532,2023
217000.0,164.0,Maison,Lons-Le-Saunier,39,46.680947,5.567598,1323.1707317073171,2023
125000.0,150.0,Maison,Saint-Quay-Portrieux,22,48.656668,-2.856342,833.3333333333334,2023
115000.0,104.0,Maison,Callian,83,43.630974,6.755507,1105.7692307692307,2023
130000.0,30.0,Maison,Nancy,54,48.700861,6.184005,4333.333333333333,2023
260000.0,114.0,Maison,Cusset,03,46.15546,3.476513,2280.7017543859647,2023
469000.0,116.0,Maison,Wambrechies,59,50.707159,3.069016,4043.103448275862,2023
238000.0,98.0,Maison,Villemur-Sur-Tarn,31,43.855162,1.468395,2428.5714285714284,2023
70000.0,80.0,Maison,Saint-Rémy-Sur-Durolle,63,45.883866,3.586988,875.0,2023
80000.0,72.0,Maison,Plourivo,22,48.732024,-3.1183,1111.111111111111,2023
213000.0,64.0,Appartement,Saint-Priest,69,45.697722,4.936745,3328.125,2023
279000.0,90.0,Maison,Villefranche-De-Lauragais,31,43.410526,1.713326,3100.0,2023
57550.0,35.0,Maison,Daglan,24,44.742008,1.191102,1644.2857142857142,2023
175000.0,75.0,Maison,Saint-Martin-Des-Champs,29,48.568835,-3.842154,2333.3333333333335,2023
271600.0,90.0,Maison,Bruguières,31,43.729563,1.402881,3017.777777777778,2023
135000.0,21.0,Appartement,Menton,06,43.782533,7.502902,6428.571428571428,2023
130000.0,93.0,Maison,Hérépian,34,43.597449,3.109507,1397.8494623655913,2023
272700.0,117.0,Maison,Férel,56,47.483984,-2.326289,2330.769230769231,2023
111420.0,147.0,Maison,Toulon-Sur-Arroux,71,46.692409,4.138998,757.9591836734694,2023
675000.0,75.0,Appartement,Livry-Gargan,93,48.916399,2.530684,9000.0,2023
107500.0,18.0,Appartement,Paris 18E Arrondissement,75,48.896568,2.343392,5972.222222222223,2023
40000.0,42.0,Appartement,Cours,69,46.072655,4.314908,952.3809523809524,2023
110000.0,81.0,Maison,Toucy,89,47.738851,3.288415,1358.0246913580247,2023
135000.0,60.0,Appartement,Decazeville,12,44.561657,2.247438,2250.0,2023
43000.0,50.0,Maison,Saint-Léger-De-Montbrillais,86,47.079741,-0.060351,860.0,2023
140000.0,111.0,Maison,Mauzé-Sur-Le-Mignon,79,46.188521,-0.673212,1261.2612612612613,2023
232000.0,61.0,Appartement,L'Haÿ-Les-Roses,94,48.771222,2.33299,3803.27868852459,2023
356223.0,61.0,Appartement,La Garenne-Colombes,92,48.906151,2.241715,5839.7213114754095,2023
69000.0,68.0,Maison,Branges,71,46.645623,5.19957,1014.7058823529412,2023
60100.0,96.0,Maison,Sancy-Les-Cheminots,02,49.431533,3.472478,626.0416666666666,2023
375000.0,59.0,Appartement,Paris 15E Arrondissement,75,48.848618,2.283358,6355.932203389831,2023
180000.0,210.0,Maison,Les Monts Du Roumois,27,49.278154,0.845486,857.1428571428571,2023
145000.0,45.0,Appartement,Blonville-Sur-Mer,14,49.336847,0.027753,3222.222222222222,2023
275000.0,71.0,Maison,Saint-Thonan,29,48.485621,-4.341132,3873.239436619718,2023
75000.0,101.0,Appartement,Pau,64,43.307522,-0.359657,742.5742574257425,2023
61577.62,56.0,Appartement,Clichy-Sous-Bois,93,48.905517,2.543826,1099.600357142857,2023
271000.0,140.0,Maison,Saint-Étienne,42,45.419738,4.29627,1935.7142857142858,2023
480000.0,104.0,Maison,Le Revest-Les-Eaux,83,43.167252,5.931553,4615.384615384615,2023
850000.0,179.0,Maison,Pornichet,44,47.241401,-2.30362,4748.6033519553075,2023
125000.0,70.0,Maison,Envermeu,76,49.897334,1.262102,1785.7142857142858,2023
215000.0,54.0,Appartement,Leucate,11,42.905729,3.05516,3981.4814814814813,2023
200000.0,42.0,Maison,Aubais,30,43.753994,4.146242,4761.9047619047615,2023
285500.0,76.0,Maison,Arles,13,43.687576,4.640283,3756.5789473684213,2023
226000.0,73.0,Maison,Beauvoir-Sur-Mer,85,46.913183,-2.021382,3095.890410958904,2023
250000.0,93.0,Appartement,Béziers,34,43.349778,3.229639,2688.1720430107525,2023
200000.0,93.0,Maison,Laives,71,46.646239,4.842346,2150.537634408602,2023
216000.0,82.0,Maison,Woignarue,80,50.126253,1.48641,2634.1463414634145,2023
227143.0,89.0,Maison,Quimperlé,29,47.867982,-3.565968,2552.1685393258426,2023
128730.0,44.0,Maison,Sichamps,58,47.158241,3.287068,2925.681818181818,2023
93000.0,60.0,Maison,Saint-Sauveur-En-Puisaye,89,47.617586,3.196499,1550.0,2023
132495.0,94.0,Appartement,Boulogne-Sur-Mer,62,50.731285,1.620618,1409.5212765957447,2023
116000.0,21.0,Appartement,Calvi,2B,42.553086,8.774029,5523.809523809524,2023
369750.0,76.0,Maison,Les Sables-D'Olonne,85,46.502241,-1.770826,4865.131578947368,2023
630000.0,50.0,Appartement,Reims,51,49.268424,4.024108,12600.0,2023
1290000.0,66.0,Appartement,Montpellier,34,43.60424,3.874161,19545.454545454544,2023
134000.0,36.0,Appartement,Nantes,44,47.252662,-1.541316,3722.222222222222,2023
354160.0,77.0,Maison,Villeurbanne,69,45.750844,4.915696,4599.480519480519,2023
360000.0,120.0,Maison,Lanester,56,47.761589,-3.321137,3000.0,2023
137000.0,76.0,Maison,Banteux,59,50.063487,3.197961,1802.6315789473683,2023
258900.0,88.0,Maison,Saint-Donat-Sur-L'Herbasse,26,45.122062,4.977331,2942.0454545454545,2023
90000.0,17.0,Appartement,Herblay-Sur-Seine,95,48.990379,2.16791,5294.117647058823,2023
135000.0,90.0,Maison,Le Clerjus,88,47.957497,6.320363,1500.0,2023
323500.0,37.0,Appartement,Paris 11E Arrondissement,75,48.856816,2.377492,8743.243243243243,2023
377000.0,180.0,Maison,Épône,78,48.953763,1.820418,2094.4444444444443,2023
62000.0,20.0,Appartement,Arras,62,50.282736,2.79843,3100.0,2023
405880.0,102.0,Maison,Sillans,38,45.34253,5.397453,3979.2156862745096,2023
134400.0,83.0,Maison,Saint-Quentin,02,49.841686,3.268139,1619.2771084337348,2023
73000.0,78.0,Appartement,Perpignan,66,42.683141,2.908486,935.8974358974359,2023
282100.0,125.0,Maison,Saint-Brieuc,22,48.506481,-2.749357,2256.8,2023
580000.0,47.0,Appartement,Argenteuil,95,48.946485,2.253449,12340.425531914894,2023
1100000.0,361.0,Maison,Carnac,56,47.614057,-3.031476,3047.091412742382,2023
111393.0,41.0,Appartement,Castelginest,31,43.690763,1.426882,2716.9024390243903,2023
36000.0,26.0,Appartement,Béziers,34,43.347817,3.21769,1384.6153846153845,2023
169000.0,64.0,Appartement,Montauban-De-Bretagne,35,48.20147,-2.048828,2640.625,2023
135000.0,60.0,Maison,La Vineuse Sur Fregande,71,46.492307,4.588449,2250.0,2023
240000.0,68.0,Appartement,Montpellier,34,43.614658,3.870303,3529.4117647058824,2023
402000.0,50.0,Maison,Grimaud,83,43.27623,6.472273,8040.0,2023
314100.0,93.0,Maison,Thézan-Lès-Béziers,34,43.395918,3.163949,3377.4193548387098,2023
161400.0,68.0,Appartement,Nouzonville,08,49.814124,4.752019,2373.529411764706,2023
280000.0,53.0,Appartement,Biguglia,2B,42.626091,9.427655,5283.018867924528,2023
150000.0,55.0,Appartement,Nantes,44,47.245094,-1.542238,2727.2727272727275,2023
245000.0,50.0,Appartement,Bastia,2B,42.704745,9.452423,4900.0,2023
75000.0,60.0,Maison,Montcheutin,08,49.29676,4.830475,1250.0,2023
400000.0,86.0,Maison,Villeneuve-Le-Roi,94,48.742524,2.423165,4651.162790697675,2023
650000.0,73.0,Appartement,Lyon 6E Arrondissement,69,45.769548,4.855503,8904.109589041096,2023
371590.0,98.0,Maison,Santeny,94,48.716499,2.57597,3791.734693877551,2023
466665.0,80.0,Appartement,Clamart,92,48.798037,2.272005,5833.3125,2023
83500.0,50.0,Maison,Saint-Pierre-De-Cernières,27,48.930138,0.512052,1670.0,2023
320000.0,130.0,Maison,Avranches,50,48.684059,-1.360747,2461.5384615384614,2023
157000.0,44.0,Maison,Tours,37,47.402893,0.69355,3568.181818181818,2023
415000.0,79.0,Maison,Contes,06,43.786346,7.333328,5253.164556962025,2023
130000.0,40.0,Appartement,Saint-André-Et-Appelles,33,44.809989,0.193896,3250.0,2023
689400.0,165.0,Maison,Clapiers,34,43.656044,3.888308,4178.181818181818,2023
170000.0,196.0,Maison,Rouillé,86,46.419465,0.039822,867.3469387755102,2023
194000.0,89.0,Appartement,Lille,59,50.630895,3.103782,2179.775280898876,2023
667000.0,145.0,Appartement,Rennes,35,48.111601,-1.680815,4600.0,2023
218500.0,83.0,Maison,Fougères,35,48.350886,-1.198693,2632.5301204819275,2023
180000.0,72.0,Maison,Aussillon,81,43.49898,2.363948,2500.0,2023
186000.0,65.0,Maison,Saint-Cyprien,42,45.530329,4.2434,2861.5384615384614,2023
340000.0,22.0,Appartement,Sablé-Sur-Sarthe,72,47.839138,-0.329926,15454.545454545454,2023
132000.0,47.0,Appartement,Évry-Courcouronnes,91,48.617235,2.407505,2808.5106382978724,2023
249000.0,83.0,Appartement,Vandœuvre-Lès-Nancy,54,48.671025,6.185034,3000.0,2023
73300.0,48.0,Appartement,Maniquerville,76,49.696546,0.347658,1527.0833333333333,2023
104150.0,27.0,Appartement,Taninges,74,46.148998,6.595274,3857.4074074074074,2023
368500.0,35.0,Appartement,Paris 3E Arrondissement,75,48.866543,2.358205,10528.57142857143,2023
176000.0,70.0,Maison,Nanteuil-En-Vallée,16,45.980149,0.308522,2514.285714285714,2023
120000.0,60.0,Appartement,Trégueux,22,48.485004,-2.75092,2000.0,2023
903050.0,169.0,Maison,Brignais,69,45.686304,4.748409,5343.491124260355,2023
46000.0,50.0,Maison,Oisy-Le-Verger,62,50.249829,3.126911,920.0,2023
155000.0,60.0,Appartement,Athis-Mons,91,48.714685,2.399004,2583.3333333333335,2023
81910.02,62.0,Appartement,Pontarlier,25,46.90182,6.357154,1321.1293548387098,2023
128000.0,90.0,Appartement,Reims,51,49.238438,4.002268,1422.2222222222222,2023
335000.0,85.0,Maison,Bréhal,50,48.898888,-1.519947,3941.176470588235,2023
154370.0,113.0,Appartement,Lyon 2E Arrondissement,69,45.754436,4.826829,1366.1061946902655,2023
70000.0,72.0,Appartement,Nevers,58,46.988191,3.137804,972.2222222222222,2023
102500.0,67.0,Appartement,Avon,77,48.420709,2.733372,1529.8507462686566,2023
327460.0,85.0,Maison,Sainte-Anastasie-Sur-Issole,83,43.348503,6.124815,3852.470588235294,2023
170000.0,89.0,Maison,Sèvremoine,49,47.122501,-1.001163,1910.112359550562,2023
334800.0,209.0,Maison,Craponne-Sur-Arzon,43,45.331593,3.84517,1601.9138755980862,2023
268000.0,94.0,Maison,Charmes,88,48.355133,6.299343,2851.063829787234,2023
160000.0,22.0,Appartement,Pornichet,44,47.264046,-2.343487,7272.727272727273,2023
19600.0,30.0,Maison,Saint-Victor,03,46.374853,2.614749,653.3333333333334,2023
600000.0,155.0,Maison,Tours,37,47.387137,0.677463,3870.967741935484,2023
70000.0,102.0,Maison,Gourin,56,48.140479,-3.600393,686.2745098039215,2023
285000.0,86.0,Appartement,Lyon 3E Arrondissement,69,45.754713,4.856389,3313.953488372093,2023
61000.0,66.0,Maison,Saint-Étienne-Du-Rouvray,76,49.395549,1.103647,924.2424242424242,2023
84000.0,26.0,Appartement,Uvernet-Fours,04,44.369368,6.605801,3230.769230769231,2023
95000.0,52.0,Maison,Le Tréport,76,50.061192,1.370045,1826.923076923077,2023
379700.0,84.0,Maison,Saint-Maximin-La-Sainte-Baume,83,43.444058,5.883428,4520.238095238095,2023
105000.0,28.0,Appartement,Montpellier,34,43.614455,3.875999,3750.0,2023
210000.0,47.0,Appartement,Sucy-En-Brie,94,48.77055,2.520944,4468.085106382979,2023
102300.0,55.0,Appartement,Périgueux,24,45.177175,0.716696,1860.0,2023
380000.0,133.0,Maison,Blagnac,31,43.633099,1.398987,2857.1428571428573,2023
137700.0,61.0,Appartement,Villefranche-Sur-Saône,69,45.984217,4.709702,2257.377049180328,2023
615924.25,113.0,Maison,Eaubonne,95,48.986981,2.280155,5450.657079646017,2023
107336.0,107.0,Maison,Eymet,24,44.660854,0.404145,1003.1401869158879,2023
150000.0,85.0,Maison,Sottevast,50,49.52073,-1.572643,1764.7058823529412,2023
82000.0,46.0,Appartement,Beuzeville,27,49.343177,0.348155,1782.608695652174,2023
264000.0,87.0,Maison,Macouria,973,4.970087,-52.450907,3034.4827586206898,2023
68000.0,25.0,Appartement,Mont-De-Marsan,40,43.890546,-0.502765,2720.0,2023
250000.0,21.0,Appartement,Cozes,17,45.582715,-0.833436,11904.761904761905,2023
940470.0,89.0,Maison,Lège-Cap-Ferret,33,44.751432,-1.18194,10567.078651685393,2023
206800.0,167.0,Maison,Chouvigny,03,46.139034,2.991279,1238.3233532934132,2023
311700.0,75.0,Maison,Orsay,91,48.679481,2.181847,4156.0,2023
225000.0,41.0,Appartement,Vieux-Boucau-Les-Bains,40,43.79255,-1.399064,5487.804878048781,2023
140900.0,73.0,Maison,Armentières,59,50.690664,2.877323,1930.13698630137,2023
170000.0,84.0,Maison,Saint-Martin-Du-Tertre,89,48.207831,3.254472,2023.8095238095239,2023
227235.0,114.0,Maison,Le Château-D'Oléron,17,45.89298,-1.219734,1993.2894736842106,2023
140000.0,27.0,Appartement,Fréjus,83,43.425958,6.76025,5185.185185185185,2023
190000.0,40.0,Appartement,Nice,06,43.706241,7.256919,4750.0,2023
110000.0,80.0,Maison,Dole,39,47.103939,5.487932,1375.0,2023
67000.0,84.0,Maison,Vimoutiers,61,48.920816,0.228027,797.6190476190476,2023
250000.0,88.0,Appartement,Ermont,95,48.979855,2.247857,2840.909090909091,2023
487500.0,92.0,Appartement,Paris 18E Arrondissement,75,48.897679,2.346854,5298.913043478261,2023
132000.0,90.0,Maison,Brunémont,59,50.278398,3.146305,1466.6666666666667,2023
330000.0,89.0,Maison,Cesseras,34,43.342675,2.708527,3707.8651685393256,2023
144299.0,24.0,Appartement,Nice,06,43.700034,7.286903,6012.458333333333,2023
478750.0,63.0,Appartement,Courbevoie,92,48.893787,2.250128,7599.206349206349,2023
266000.0,130.0,Maison,Andrézieux-Bouthéon,42,45.545183,4.284049,2046.1538461538462,2023
84000.0,52.0,Appartement,Denain,59,50.33422,3.391036,1615.3846153846155,2023
250000.0,88.0,Maison,Chavagnes-En-Paillers,85,46.909362,-1.269062,2840.909090909091,2023
820000.0,88.0,Maison,La Turballe,44,47.350014,-2.492165,9318.181818181818,2023
304000.0,71.0,Maison,Amiens,80,49.878451,2.3249,4281.69014084507,2023
259700.0,122.0,Maison,Ferrières-Haut-Clocher,27,49.0208,0.986054,2128.688524590164,2023
180000.0,105.0,Maison,Saint-Pandelon,40,43.66984,-1.036123,1714.2857142857142,2023
408000.0,88.0,Maison,Rognac,13,43.490498,5.238021,4636.363636363636,2023
350000.0,98.0,Appartement,Évian-Les-Bains,74,46.4007,6.594615,3571.4285714285716,2023
205000.0,73.0,Maison,Boyer,71,46.601084,4.903179,2808.219178082192,2023
70500.0,140.0,Maison,Vierzon,18,47.217693,2.073603,503.57142857142856,2023
282400.0,128.0,Maison,Saint-Lumine-De-Coutais,44,47.039363,-1.732294,2206.25,2023
170000.0,65.0,Maison,Breuil-Magné,17,45.9736,-0.954474,2615.3846153846152,2023
33500.0,18.0,Appartement,Font-Romeu-Odeillo-Via,66,42.502965,2.034601,1861.111111111111,2023
221880.0,55.0,Appartement,Lambersart,59,50.641422,3.032343,4034.181818181818,2023
621200.0,120.0,Maison,Le Diamant,972,14.482129,-61.011988,5176.666666666667,2023
218600.0,100.0,Maison,Bize-Minervois,11,43.315156,2.864372,2186.0,2023
343000.0,72.0,Appartement,Vélizy-Villacoublay,78,48.795146,2.200639,4763.888888888889,2023
135000.0,80.0,Appartement,Saint-Maurice-L'Exil,38,45.392962,4.782875,1687.5,2023
172000.0,54.0,Appartement,Nice,06,43.712262,7.258219,3185.185185185185,2023
210000.0,122.0,Maison,Sommervieu,14,49.287082,-0.655847,1721.311475409836,2023
45530.0,25.0,Appartement,Rodez,12,44.350425,2.578943,1821.2,2023
415000.0,205.0,Maison,Sort-En-Chalosse,40,43.677644,-0.942538,2024.3902439024391,2023
294700.0,94.0,Maison,Aubenas,07,44.616621,4.386999,3135.1063829787236,2023
167000.0,91.0,Maison,Béthune,62,50.531349,2.653434,1835.1648351648353,2023
710000.0,92.0,Maison,Meschers-Sur-Gironde,17,45.563162,-0.969773,7717.391304347826,2023
140000.0,65.0,Maison,Plonéour-Lanvern,29,47.899481,-4.288276,2153.846153846154,2023
185000.0,88.0,Maison,Sacquenville,27,49.086013,1.074777,2102.2727272727275,2023
526500.0,60.0,Appartement,Montreuil,93,48.854815,2.432815,8775.0,2023
120800.0,71.0,Maison,Saint-Christophe-À-Berry,02,49.426755,3.114591,1701.4084507042253,2023
168000.0,34.0,Appartement,Antibes,06,43.606481,7.121813,4941.176470588235,2023
280000.0,85.0,Maison,Pézenas,34,43.456273,3.422163,3294.1176470588234,2023
463158.0,60.0,Maison,Canet-En-Roussillon,66,42.695318,3.030312,7719.3,2023
211390.0,123.0,Maison,Vars-Sur-Roseix,19,45.258872,1.367225,1718.6178861788617,2023
264450.0,84.0,Maison,Saint-Magne,33,44.52534,-0.667587,3148.214285714286,2023
170000.0,80.0,Maison,Amélie-Les-Bains-Palalda,66,42.48438,2.673758,2125.0,2023
176000.0,58.0,Appartement,Toulouse,31,43.633469,1.437077,3034.4827586206898,2023
85400.0,25.0,Appartement,La Roche-Sur-Yon,85,46.670967,-1.417325,3416.0,2023
225000.0,108.0,Maison,Saint-Étienne-Au-Mont,62,50.678439,1.63069,2083.3333333333335,2023
330000.0,82.0,Maison,Saint-Paul-En-Born,40,44.217707,-1.170293,4024.390243902439,2023
43000.0,48.0,Appartement,Montluçon,03,46.342198,2.586605,895.8333333333334,2023
577880.0,180.0,Maison,La Bouilladisse,13,43.401726,5.591201,3210.4444444444443,2023
500000.0,84.0,Maison,Rochepaule,07,45.097016,4.437126,5952.380952380952,2023
309000.0,91.0,Maison,Monteux,84,44.029916,4.98646,3395.6043956043954,2023
607200.0,113.0,Appartement,Alata,2A,41.974366,8.77943,5373.451327433629,2023
94000.0,24.0,Appartement,Valras-Plage,34,43.247521,3.294945,3916.6666666666665,2023
464000.0,57.0,Appartement,Paris 19E Arrondissement,75,48.890859,2.382408,8140.350877192983,2023
195000.0,75.0,Maison,Lanester,56,47.756354,-3.330938,2600.0,2023
308500.0,215.0,Maison,Le Magny,36,46.561911,1.979058,1434.8837209302326,2023
876580.0,138.0,Maison,L'Isle-Sur-La-Sorgue,84,43.94669,5.067375,6352.028985507246,2023
335000.0,42.0,Appartement,Paris 19E Arrondissement,75,48.878117,2.401458,7976.190476190476,2023
585000.0,78.0,Maison,Saint-Gervais-Sur-Roubion,26,44.575955,4.915296,7500.0,2023
650000.0,200.0,Appartement,Avranches,50,48.682037,-1.358121,3250.0,2023
533333.0,60.0,Appartement,Perros-Guirec,22,48.806616,-3.458674,8888.883333333333,2023
325000.0,96.0,Maison,Brignoles,83,43.399584,6.055121,3385.4166666666665,2023
230000.0,46.0,Appartement,Le Croisic,44,47.290122,-2.5119,5000.0,2023
259000.0,124.0,Maison,Saint-Cyprien,42,45.550404,4.246034,2088.7096774193546,2023
290000.0,91.0,Maison,Montpellier,34,43.617854,3.833143,3186.813186813187,2023
215000.0,82.0,Maison,Rion-Des-Landes,40,43.93736,-0.919042,2621.951219512195,2023
1044130.0,171.0,Appartement,Lyon 3E Arrondissement,69,45.760667,4.845974,6106.023391812865,2023
335000.0,40.0,Appartement,Bordeaux,33,44.840562,-0.58849,8375.0,2023
1600000.0,90.0,Maison,Duisans,62,50.3092,2.678625,17777.777777777777,2023
95000.0,50.0,Maison,Guipry-Messac,35,47.778766,-1.833095,1900.0,2023
318000.0,69.0,Appartement,Saint-Germain-En-Laye,78,48.893924,2.072379,4608.695652173913,2023
160000.0,45.0,Appartement,Gagny,93,48.878629,2.532519,3555.5555555555557,2023
205000.0,88.0,Appartement,Aubagne,13,43.290448,5.562046,2329.5454545454545,2023
260000.0,70.0,Maison,Saint-Christophe-Du-Ligneron,85,46.817696,-1.766208,3714.285714285714,2023
265000.0,205.0,Maison,Saint-Avaugourd-Des-Landes,85,46.497932,-1.456945,1292.6829268292684,2023
245000.0,69.0,Maison,Fontenay,76,49.558956,0.189065,3550.7246376811595,2023
243000.0,72.0,Maison,Sotteville-Lès-Rouen,76,49.413512,1.082856,3375.0,2023
85000.0,56.0,Maison,Exincourt,25,47.495561,6.829756,1517.857142857143,2023
80000.0,110.0,Maison,Mesnac,16,45.775893,-0.344246,727.2727272727273,2023
55000.0,60.0,Appartement,Confolens,16,46.014523,0.673502,916.6666666666666,2023
545623.0,179.0,Maison,Saint-Laurent-La-Vernède,30,44.108726,4.451426,3048.1731843575417,2023
380000.0,116.0,Maison,Fleurieux-Sur-L'Arbresle,69,45.836706,4.65236,3275.862068965517,2023
200000.0,71.0,Appartement,Meximieux,01,45.90336,5.196061,2816.9014084507044,2023
215000.0,90.0,Maison,Saint-Médard-D'Aunis,17,46.154773,-0.932507,2388.8888888888887,2023
400000.0,120.0,Appartement,Péron,01,46.181278,5.919093,3333.3333333333335,2023
295000.0,99.0,Maison,Saint-Germain-Sur-Ille,35,48.25078,-1.654803,2979.7979797979797,2023
1325270.0,110.0,Maison,Rivedoux-Plage,17,46.166285,-1.284344,12047.90909090909,2023
325000.0,71.0,Maison,Saint-Georges-D'Orques,34,43.611086,3.777042,4577.4647887323945,2023
326316.0,120.0,Maison,Belz,56,47.660853,-3.166559,2719.3,2023
64330.0,31.0,Appartement,Dunkerque,59,51.038653,2.371533,2075.1612903225805,2023
110000.0,105.0,Maison,Robecq,62,50.598523,2.568401,1047.6190476190477,2023
280000.0,23.0,Appartement,Paris 16E Arrondissement,75,48.866851,2.273255,12173.91304347826,2023
1005000.0,145.0,Maison,Bry-Sur-Marne,94,48.841561,2.515436,6931.0344827586205,2023
180000.0,52.0,Appartement,Saint-Laurent-Du-Var,06,43.671343,7.192136,3461.5384615384614,2023
366500.0,154.0,Maison,Savonnières,37,47.346663,0.548824,2379.87012987013,2023
136700.0,32.0,Appartement,Toulouse,31,43.557192,1.453762,4271.875,2023
257567.95,31.0,Appartement,Marseille 1Er Arrondissement,13,43.294776,5.379251,8308.643548387097,2023
408910.0,102.0,Maison,Dijon,21,47.325149,5.01341,4008.921568627451,2023
74200.0,36.0,Appartement,Orcières,05,44.696815,6.327377,2061.1111111111113,2023
300000.0,37.0,Appartement,Cannes,06,43.549314,6.987515,8108.108108108108,2023
291930.0,94.0,Maison,L'Isle-Jourdain,32,43.623985,1.106752,3105.6382978723404,2023
55010.0,54.0,Maison,Couffoulens,11,43.15585,2.307705,1018.7037037037037,2023
225000.0,34.0,Appartement,Beaulieu-Sur-Mer,06,43.708747,7.330736,6617.64705882353,2023
735000.0,123.0,Maison,Gentilly,94,48.809037,2.344082,5975.609756097561,2023
150520.0,26.0,Appartement,La Ciotat,13,43.193444,5.618928,5789.2307692307695,2023
305822.3,151.0,Maison,Orvilliers,78,48.85823,1.639685,2025.3132450331125,2023
182500.0,77.0,Appartement,Beaumont-Sur-Oise,95,49.143767,2.287554,2370.12987012987,2023
96800.0,36.0,Appartement,Hazebrouck,59,50.71118,2.547813,2688.8888888888887,2023
24000.0,27.0,Appartement,Romorantin-Lanthenay,41,47.354888,1.759563,888.8888888888889,2023
730000.0,153.0,Maison,Angers,49,47.475665,-0.543534,4771.24183006536,2023
230250.0,52.0,Appartement,Lissieu,69,45.864096,4.745497,4427.884615384615,2023
130000.0,103.0,Maison,Saint-Quentin,02,49.861246,3.266886,1262.1359223300972,2023
551500.0,181.0,Maison,Épron,14,49.222365,-0.370006,3046.961325966851,2023
40000.0,35.0,Maison,Pont-L'Abbé,29,47.886768,-4.197141,1142.857142857143,2023
85000.0,62.0,Appartement,Douai,59,50.367504,3.081893,1370.967741935484,2023
1750000.0,112.0,Maison,La Couronne,16,45.618622,0.125079,15625.0,2023
141000.0,40.0,Appartement,Belleville-En-Beaujolais,69,46.110303,4.750723,3525.0,2023
330000.0,47.0,Appartement,Saint-Ouen-Sur-Seine,93,48.914274,2.324946,7021.276595744681,2023
110000.0,74.0,Maison,Abbecourt,60,49.370877,2.164876,1486.4864864864865,2023
102000.0,76.0,Appartement,Jussac,15,44.988156,2.426778,1342.1052631578948,2023
116000.0,82.0,Maison,Pure,08,49.672179,5.1763,1414.6341463414635,2023
210000.0,51.0,Appartement,Craponne,69,45.746198,4.719545,4117.64705882353,2023
115000.0,24.0,Maison,Asnelles,14,49.34023,-0.580644,4791.666666666667,2023
120000.0,104.0,Maison,Yzeure,03,46.568944,3.349116,1153.8461538461538,2023
124000.0,17.0,Appartement,Les Sables-D'Olonne,85,46.495167,-1.77687,7294.117647058823,2023
44000.0,80.0,Maison,Alleyrac,43,44.89137,3.985698,550.0,2023
58000.0,85.0,Maison,Beuvraignes,80,49.649205,2.768692,682.3529411764706,2023
103990.0,56.0,Appartement,Bellefontaine,39,46.549211,6.042777,1856.9642857142858,2023
322000.0,50.0,Appartement,Mazamet,81,43.493207,2.377461,6440.0,2023
345000.0,38.0,Appartement,Nîmes,30,43.842153,4.35914,9078.947368421053,2023
378000.0,171.0,Maison,San-Nicolao,2B,42.371213,9.527622,2210.5263157894738,2023
318500.0,160.0,Maison,Wittes,62,50.665158,2.357996,1990.625,2023
40000.0,64.0,Maison,Sagy,71,46.60466,5.34612,625.0,2023
681000.0,94.0,Appartement,Boulogne-Billancourt,92,48.838595,2.248808,7244.68085106383,2023
245008.0,80.0,Maison,La Croix-Helléan,56,47.959244,-2.530631,3062.6,2023
262000.0,156.0,Maison,Parigné-L'Évêque,72,47.938165,0.353425,1679.4871794871794,2023
261000.0,153.0,Maison,Westrehem,62,50.549934,2.348687,1705.8823529411766,2023
109631.0,40.0,Appartement,Bordeaux,33,44.827205,-0.569632,2740.775,2023
154000.0,38.0,Appartement,Aix-Les-Bains,73,45.69005,5.911562,4052.6315789473683,2023
70000.0,23.0,Appartement,Amiens,80,49.892414,2.29803,3043.478260869565,2023
211750.0,88.0,Maison,Grandfresnoy,60,49.375547,2.655482,2406.25,2023
110000.0,43.0,Maison,Nîmes,30,43.839783,4.362439,2558.139534883721,2023
209500.0,85.0,Maison,Sainte-Radegonde,17,45.852167,-0.892603,2464.705882352941,2023
528800.0,128.0,Maison,Urcuit,64,43.494118,-1.356968,4131.25,2023
556680.0,112.0,Maison,Salles,33,44.527414,-0.892724,4970.357142857143,2023
40000.0,57.0,Maison,Noyant-Villages,49,47.537881,0.148582,701.7543859649123,2023
355600.0,131.0,Maison,Saint-Joseph,974,-21.324771,55.613134,2714.5038167938933,2023
200300.0,64.0,Maison,Limoges,87,45.850717,1.251671,3129.6875,2023
245000.0,82.0,Maison,Pau,64,43.323019,-0.357227,2987.8048780487807,2023
210000.0,155.0,Maison,Cahagnes,14,49.072512,-0.786873,1354.8387096774193,2023
181400.0,30.0,Appartement,Agde,34,43.287023,3.497723,6046.666666666667,2023
203449.5,67.0,Appartement,Balma,31,43.611676,1.497686,3036.5597014925374,2023
212560.0,65.0,Appartement,Toulouse,31,43.611362,1.41255,3270.153846153846,2023
266000.0,148.0,Maison,Landéhen,22,48.426312,-2.545249,1797.2972972972973,2023
70000.0,70.0,Maison,Plumaudan,22,48.356915,-2.124669,1000.0,2023
137400.0,54.0,Maison,Mesnil-Saint-Laurent,02,49.82743,3.351862,2544.4444444444443,2023
216000.0,148.0,Maison,Pontpoint,60,49.302247,2.627895,1459.4594594594594,2023
160000.0,88.0,Maison,Buchy,76,49.583426,1.293153,1818.1818181818182,2023
158000.0,87.0,Maison,Sagelat,24,44.773562,1.017072,1816.0919540229886,2023
120000.0,131.0,Maison,Avoudrey,25,47.137073,6.437002,916.0305343511451,2023
29900.0,48.0,Appartement,Beautor,02,49.649193,3.346513,622.9166666666666,2023
335000.0,92.0,Maison,Vénissieux,69,45.704046,4.884577,3641.304347826087,2023
145000.0,64.0,Appartement,Épinay-Sur-Seine,93,48.961905,2.296435,2265.625,2023
190000.0,87.0,Maison,Étoutteville,76,49.677877,0.787722,2183.9080459770116,2023
118000.0,43.0,Maison,Questembert,56,47.652388,-2.423118,2744.186046511628,2023
434930.0,75.0,Maison,Bazoches-En-Dunois,28,48.101942,1.589049,5799.066666666667,2023
120000.0,101.0,Maison,Bessé-Sur-Braye,72,47.840341,0.755806,1188.118811881188,2023
160000.0,31.0,Appartement,Demigny,71,46.931129,4.832184,5161.290322580645,2023
97000.0,90.0,Maison,Valdallière,14,48.881529,-0.716863,1077.7777777777778,2023
315000.0,49.0,Appartement,Maisons-Laffitte,78,48.944488,2.153206,6428.571428571428,2023
138000.0,31.0,Appartement,Toulouse,31,43.606618,1.453454,4451.612903225807,2023
131300.0,104.0,Maison,Tronchy,71,46.728927,5.047335,1262.5,2023
480000.0,133.0,Maison,Challans,85,46.836325,-1.900715,3609.0225563909776,2023
750000.0,42.0,Appartement,Poissy,78,48.929737,2.041942,17857.14285714286,2023
540000.0,188.0,Maison,Seillans,83,43.635072,6.643892,2872.340425531915,2023
114356.0,68.0,Maison,Beslon,50,48.860088,-1.189569,1681.7058823529412,2023
193000.0,59.0,Appartement,Ouistreham,14,49.288074,-0.260514,3271.186440677966,2023
150763.0,84.0,Maison,Villebois,01,45.857553,5.42967,1794.797619047619,2023
270000.0,110.0,Maison,Marines,95,49.14925,1.979983,2454.5454545454545,2023
150000.0,77.0,Maison,Pont-Croix,29,48.043386,-4.4908,1948.051948051948,2023
125000.0,62.0,Appartement,Sète,34,43.410249,3.681944,2016.1290322580646,2023
275500.0,84.0,Maison,Narbonne,11,43.195588,3.0229,3279.7619047619046,2023
119400.0,61.0,Appartement,Besançon,25,47.245442,6.056423,1957.377049180328,2023
243000.0,130.0,Maison,Auray,56,47.666575,-2.987804,1869.2307692307693,2023
229900.0,52.0,Appartement,Villeurbanne,69,45.773555,4.869187,4421.153846153846,2023
56500.0,77.0,Maison,Longué-Jumelles,49,47.383169,-0.11397,733.7662337662338,2023
200000.0,39.0,Appartement,Lisieux,14,49.143349,0.217934,5128.205128205128,2023
300000.0,90.0,Maison,Saint-Cyr-Sur-Loire,37,47.410841,0.669262,3333.3333333333335,2023
430000.0,76.0,Appartement,Nantes,44,47.21682,-1.570238,5657.894736842105,2023
305000.0,69.0,Appartement,Brive-La-Gaillarde,19,45.157441,1.541262,4420.289855072464,2023
210000.0,129.0,Maison,Roullet-Saint-Estèphe,16,45.6046,0.028911,1627.906976744186,2023
201650.0,118.0,Maison,Seichamps,54,48.716032,6.255675,1708.8983050847457,2023
275000.0,20.0,Appartement,Rouen,76,49.426707,1.091912,13750.0,2023
259500.0,102.0,Maison,Pluvigner,56,47.770245,-3.008115,2544.1176470588234,2023
440000.0,78.0,Appartement,Antibes,06,43.575311,7.110949,5641.025641025641,2023
230000.0,96.0,Appartement,Rillieux-La-Pape,69,45.806446,4.886258,2395.8333333333335,2023
199700.0,92.0,Maison,Saint-Gorgon,88,48.330321,6.650367,2170.6521739130435,2023
306300.0,37.0,Appartement,Draguignan,83,43.5399,6.464447,8278.378378378378,2023
255000.0,50.0,Appartement,Massy,91,48.72918,2.256306,5100.0,2023
172000.0,82.0,Maison,Coulaines,72,48.02441,0.199199,2097.560975609756,2023
69000.0,48.0,Appartement,Perpignan,66,42.693086,2.884468,1437.5,2023
25000.0,19.0,Appartement,Chelles,77,48.874835,2.583472,1315.7894736842106,2023
787000.0,81.0,Appartement,Versailles,78,48.8041,2.158672,9716.04938271605,2023
90000.0,71.0,Maison,Barisis-Aux-Bois,02,49.57372,3.317761,1267.605633802817,2023
160000.0,67.0,Maison,Sancourt,27,49.352635,1.683993,2388.0597014925374,2023
206400.0,145.0,Maison,Pageas,87,45.697203,1.035548,1423.448275862069,2023
392700.0,58.0,Appartement,Bois-Colombes,92,48.916957,2.265355,6770.689655172414,2023
80000.0,70.0,Appartement,Lencloître,86,46.813731,0.327651,1142.857142857143,2023
149324.44,42.0,Appartement,Corbeil-Essonnes,91,48.61274,2.46685,3555.34380952381,2023
405000.0,69.0,Appartement,Le Plessis-Trévise,94,48.80362,2.588347,5869.565217391304,2023
280000.0,150.0,Maison,Saint-Doulchard,18,47.114924,2.382547,1866.6666666666667,2023
175793.0,75.0,Maison,Saint-Médard-En-Jalles,33,44.896623,-0.751847,2343.9066666666668,2023
118500.0,95.0,Maison,Guingamp,22,48.5676,-3.161374,1247.3684210526317,2023
679700.0,140.0,Maison,Le Taillan-Médoc,33,44.912873,-0.659887,4855.0,2023
136318.5,26.0,Appartement,Émerainville,77,48.827978,2.593762,5243.0192307692305,2023
256500.0,83.0,Appartement,Jeanménil,88,48.336375,6.693573,3090.3614457831327,2023
175000.0,72.0,Maison,Châlons-En-Champagne,51,48.943326,4.375998,2430.5555555555557,2023
530000.0,102.0,Maison,Lectoure,32,43.992321,0.581291,5196.078431372549,2023
174000.0,125.0,Maison,Pont-Sur-Seine,10,48.508856,3.60258,1392.0,2023
92185.0,69.0,Appartement,Saint-Fons,69,45.705117,4.857133,1336.0144927536232,2023
67000.0,70.0,Maison,Dangeau,28,48.19009,1.239995,957.1428571428571,2023
365000.0,90.0,Appartement,Cagnes-Sur-Mer,06,43.662357,7.150097,4055.5555555555557,2023
133500.0,143.0,Maison,Étables,07,45.1181,4.727157,933.5664335664336,2023
100000.0,62.0,Maison,Rubrouck,59,50.830246,2.345587,1612.9032258064517,2023
154550.0,64.0,Appartement,Colomiers,31,43.625616,1.334134,2414.84375,2023
128000.0,10.0,Appartement,Paris 17E Arrondissement,75,48.882965,2.317416,12800.0,2023
263000.0,67.0,Maison,Montfermeil,93,48.88557,2.55185,3925.373134328358,2023
173000.0,35.0,Appartement,Argentan,61,48.743976,-0.022456,4942.857142857143,2023
210000.0,61.0,Appartement,Valenciennes,59,50.351578,3.517195,3442.622950819672,2023
290400.0,70.0,Appartement,Tours,37,47.395973,0.698861,4148.571428571428,2023
533000.0,102.0,Maison,Fleurance,32,43.840326,0.674886,5225.490196078431,2023
1300000.0,78.0,Appartement,La Croix-Valmer,83,43.212622,6.568837,16666.666666666668,2023
153630.0,120.0,Maison,Villeneuve-D'Olmes,09,42.907344,1.822168,1280.25,2023
235000.0,57.0,Appartement,Froges,38,45.261842,5.911172,4122.80701754386,2023
240000.0,53.0,Appartement,Le Grau-Du-Roi,30,43.547991,4.125359,4528.301886792453,2023
358000.0,105.0,Maison,Coublevie,38,45.353311,5.612336,3409.5238095238096,2023
255000.0,90.0,Maison,Mondavezan,31,43.242932,1.049019,2833.3333333333335,2023
347750.0,98.0,Maison,Saint-Joseph,974,-21.348995,55.63161,3548.469387755102,2023
210000.0,138.0,Maison,Feurs,42,45.740742,4.227116,1521.7391304347825,2023
130000.0,118.0,Maison,Saint-Sernin-Du-Bois,71,46.851052,4.435697,1101.6949152542372,2023
345000.0,184.0,Maison,Villefranche-Sur-Saône,69,45.990213,4.719711,1875.0,2023
180000.0,110.0,Appartement,Moissac,82,44.103881,1.087447,1636.3636363636363,2023
203000.0,48.0,Appartement,Orly,94,48.749027,2.407037,4229.166666666667,2023
505750.0,64.0,Appartement,Paris 13E Arrondissement,75,48.824714,2.37229,7902.34375,2023
258000.0,65.0,Appartement,Le Louverot,39,46.730608,5.582761,3969.230769230769,2023
38500.0,21.0,Appartement,Saint-Étienne,42,45.424337,4.390071,1833.3333333333333,2023
307000.0,20.0,Appartement,Vaumoise,60,49.236443,2.997361,15350.0,2023
152840.0,112.0,Maison,Villeneuve-Sur-Lot,47,44.414096,0.701992,1364.642857142857,2023
107000.0,32.0,Appartement,Balaruc-Les-Bains,34,43.440755,3.675384,3343.75,2023
174600.0,26.0,Appartement,Villedieu-Sur-Indre,36,46.846584,1.534476,6715.384615384615,2023
300000.0,150.0,Maison,Marçon,72,47.711157,0.539714,2000.0,2023
319900.0,155.0,Maison,Boursin,62,50.768834,1.80283,2063.8709677419356,2023
92000.0,70.0,Appartement,Perpignan,66,42.685024,2.904187,1314.2857142857142,2023
115000.0,11.0,Appartement,Créteil,94,48.795152,2.458484,10454.545454545454,2023
174000.0,82.0,Appartement,Saint-Herblain,44,47.212689,-1.61867,2121.951219512195,2023
81500.0,42.0,Appartement,Cognac,16,45.704816,-0.334194,1940.4761904761904,2023
120000.0,78.0,Maison,Angoulême,16,45.659387,0.162763,1538.4615384615386,2023
328700.0,90.0,Maison,Nîmes,30,43.838589,4.30783,3652.222222222222,2023
415120.0,43.0,Appartement,Paris 11E Arrondissement,75,48.871116,2.374919,9653.953488372093,2023
115000.0,109.0,Maison,Montenois,25,47.489021,6.665559,1055.045871559633,2023
441245.0,132.0,Maison,Mercurol-Veaunes,26,45.065116,4.879594,3342.7651515151515,2023
170000.0,29.0,Maison,Robion,84,43.844366,5.114321,5862.068965517241,2023
80000.0,90.0,Maison,Tourouvre Au Perche,61,48.599232,0.653659,888.8888888888889,2023
154030.0,94.0,Maison,Seurre,21,46.998422,5.157034,1638.6170212765958,2023
180000.0,170.0,Maison,Cousances-Les-Forges,55,48.610836,5.086493,1058.8235294117646,2023
250000.0,44.0,Appartement,Saint-Jean-De-Luz,64,43.385352,-1.653585,5681.818181818182,2023
37000.0,40.0,Maison,Marmagne,71,46.827564,4.365694,925.0,2023
133100.0,51.0,Appartement,Lyon 1Er Arrondissement,69,45.771318,4.828648,2609.8039215686276,2023
435000.0,90.0,Appartement,Massy,91,48.721746,2.262806,4833.333333333333,2023
189000.0,95.0,Maison,Roybon,38,45.254753,5.24765,1989.4736842105262,2023
230000.0,63.0,Appartement,Verrières-Le-Buisson,91,48.747343,2.271944,3650.7936507936506,2023
507000.0,105.0,Maison,Nantes,44,47.230933,-1.535617,4828.571428571428,2023
200225.0,82.0,Maison,Arzal,56,47.516102,-2.383884,2441.768292682927,2023
547600.0,36.0,Appartement,Bordeaux,33,44.840136,-0.57366,15211.111111111111,2023
108000.0,79.0,Maison,Fleury,50,48.84404,-1.265911,1367.0886075949368,2023
290000.0,201.0,Maison,Saint-Pierre-Es-Champs,60,49.42005,1.726412,1442.7860696517414,2023
166600.0,80.0,Maison,Vernosc-Lès-Annonay,07,45.224785,4.736135,2082.5,2023
300000.0,138.0,Maison,Prémilhat,03,46.324338,2.533956,2173.913043478261,2023
60000.0,28.0,Appartement,Sotteville-Lès-Rouen,76,49.41809,1.077971,2142.8571428571427,2023
118000.0,80.0,Maison,Ouainville,76,49.799417,0.601341,1475.0,2023
173000.0,45.0,Appartement,Cannes,06,43.555365,6.973957,3844.4444444444443,2023
190500.0,25.0,Appartement,Asnières-Sur-Seine,92,48.9114,2.295094,7620.0,2023
72000.0,45.0,Appartement,Béziers,34,43.339243,3.217299,1600.0,2023
255000.0,177.0,Maison,La Haye,50,49.295649,-1.563465,1440.677966101695,2023
80000.0,30.0,Appartement,Les Sables-D'Olonne,85,46.49654,-1.77904,2666.6666666666665,2023
118000.0,91.0,Maison,Eymet,24,44.673958,0.403387,1296.7032967032967,2023
238070.0,17.0,Appartement,Nîmes,30,43.836729,4.332706,14004.117647058823,2023
150635.0,125.0,Maison,Pouillon,40,43.611702,-1.01111,1205.08,2023
270000.0,104.0,Appartement,Caen,14,49.18877,-0.365193,2596.153846153846,2023
